"id","url","title","description","keywords","page_title","page_description","robots"
1,/xfsearch/taiper/FlaimZ/,Тайпер FlaimZ - RPU,"","",Тайпер: FlaimZ,"",""
2,/xfsearch/oformlenie/Ёкарный_Бабай/,Оформитель Ёкарный_Бабай - RPU,"","",Оформитель: Ёкарный_Бабай,"",""
3,/xfsearch/oformlenie/Алексей+Устьянцев/,Оформитель Алексей Устьянцев - RPU,"","",Оформитель: Алексей Устьянцев,"",""
4,/xfsearch/oformlenie/АпаДи/,Оформитель АпаДи - RPU,"","",Оформитель: АпаДи,"",""
5,/xfsearch/oformlenie/Блэйз/,Оформитель Блэйз - RPU,"","",Оформитель: Блэйз,"",""
6,/xfsearch/oformlenie/Боевой+Бурят/,Оформитель Боевой Бурят - RPU,"","",Оформитель: Боевой Бурят,"",""
7,/xfsearch/oformlenie/Владимир+Харченко/,Оформитель Владимир Харченко - RPU,"","",Оформитель: Владимир Харченко,"",""
8,/xfsearch/oformlenie/ВолодяН/,Оформитель ВолодяН - RPU,"","",Оформитель: ВолодяН,"",""
9,/xfsearch/oformlenie/Вулер/,Оформитель Вулер - RPU,"","",Оформитель: Вулер,"",""
10,/xfsearch/oformlenie/Дмитрий+Родимов/,Оформитель Дмитрий Родимов - RPU,"","",Оформитель: Дмитрий Родимов,"",""
11,/xfsearch/oformlenie/Екатерина+Кузьмина/,Оформитель Екатерина Кузьмина - RPU,"","",Оформитель: Екатерина Кузьмина,"",""
12,/xfsearch/oformlenie/Павел+Жуков/,Оформитель Павел Жуков - RPU,"","",Оформитель: Павел Жуков,"",""
13,/xfsearch/oformlenie/РокиБо/,Оформитель РокиБо - RPU,"","",Оформитель: РокиБо,"",""
14,/xfsearch/oformlenie/Спайк/,Оформитель Спайк - RPU,"","",Оформитель: Спайк,"",""
15,/xfsearch/oformlenie/Станислав+Щепин/,Оформитель Станислав Щепин - RPU,"","",Оформитель: Станислав Щепин,"",""
16,/xfsearch/oformlenie/Тигра/,Оформитель Тигра - RPU,"","",Оформитель: Тигра,"",""
17,/xfsearch/oformlenie/Тиц/,Оформитель Тиц - RPU,"","",Оформитель: Тиц,"",""
18,/xfsearch/oformlenie/Тор/,Оформитель Тор - RPU,"","",Оформитель: Тор,"",""
19,/xfsearch/oformlenie/Факел/,Оформитель Факел - RPU,"","",Оформитель: Факел,"",""
20,/xfsearch/oformlenie/Фей/,Оформитель Фей - RPU,"","",Оформитель: Фей,"",""
21,/xfsearch/oformlenie/Фрэнк/,Оформитель Фрэнк - RPU,"","",Оформитель: Фрэнк,"",""
22,/xfsearch/oformlenie/Шерсть/,Оформитель Шерсть - RPU,"","",Оформитель: Шерсть,"",""
23,/xfsearch/oformlenie/Ышо/,Оформитель Ышо - RPU,"","",Оформитель: Ышо,"",""
24,/xfsearch/oformlenie/-v-/,Оформитель -v- - RPU,"","",Оформитель: -v-,"",""
25,/xfsearch/oformlenie/111ypuk/,Оформитель 111ypuk - RPU,"","",Оформитель: 111ypuk,"",""
26,/xfsearch/oformlenie/Actaeon/,Оформитель Actaeon - RPU,"","",Оформитель: Actaeon,"",""
27,/xfsearch/oformlenie/Agitator/,Оформитель Agitator - RPU,"","",Оформитель: Agitator,"",""
28,/xfsearch/oformlenie/Alek+Mist/,Оформитель Alek Mist - RPU,"","",Оформитель: Alek Mist,"",""
29,/xfsearch/oformlenie/Alexander/,Оформитель Alexander - RPU,"","",Оформитель: Alexander,"",""
30,/xfsearch/oformlenie/Alien2401/,Оформитель Alien2401 - RPU,"","",Оформитель: Alien2401,"",""
31,/xfsearch/oformlenie/All_Attwood/,Оформитель All_Attwood - RPU,"","",Оформитель: All_Attwood,"",""
32,/,RPU - комиксы на русском языке бесплатно,"","","","",""
